Dimension,Average_SHAP,Color,Drug
Drug1 1D,0.011262703626197246,#4e79a7,Drug1
Drug1 2D,0.010519895744522414,#4e79a7,Drug1
Drug1 3D,0.013364752352949644,#4e79a7,Drug1
Drug1 BERT,0.00763436819271909,#4e79a7,Drug1
Drug2 1D,0.010930369092805517,#f28e2b,Drug2
Drug2 2D,0.010560318955290648,#f28e2b,Drug2
Drug2 3D,0.012916635107455983,#f28e2b,Drug2
Drug2 BERT,0.0075097400406003,#f28e2b,Drug2
